
[
    {
        "id": 1,
        "name": "Cricket Bat",
        "price": 10
    },
    {
        "id": 2,
        "name": "Cricket Ball",
        "price": 20
    },
    {
        "id": 3,
        "name": "Stumps",
        "price": 30
    },
    {
        "id": 4,
        "name": "Bails",
        "price": 40
    },
    {
        "id": 5,
        "name": "WicketKeeping Gloves",
        "price": 50
    },
    {
        "id": 6,
        "name": "Helmet",
        "price": 60
    }
]